paper_id,domain_group,subdomain,clinical_phase,scenario_relevance,short_label,full_title,authors_vancouver,year,journal,study_type,guideline_body,population_key,index_case_fit,main_question,core_takeaway,why_it_matters_for_this_case,decision_axis_primary,decision_axis_secondary,changes_indication,changes_timing,changes_conduit_choice,changes_pump_strategy,changes_renal_strategy,changes_glucose_strategy,changes_transfusion_strategy,changes_poaf_strategy,changes_icu_strategy,changes_discharge_strategy,board_presentation_value,surgeon_preop_relevance,anesthesia_relevance,perfusion_relevance,icu_relevance,nursing_relevance,heart_team_slide_worthy,preop_night_before_worthy,day_of_surgery_worthy,postop_day0_worthy,postop_day1_3_worthy,operational_impact_preop,operational_impact_intraop,operational_impact_icu,operational_impact_ward,heart_team_impact,graft_strategy_impact,dm2_impact,nstemi_timing_impact,lv_dysfunction_impact,ckd_aki_impact,transfusion_pbm_impact,glycemic_control_impact,poaf_impact,infection_impact,eras_impact,evidence_level_note,priority_rank_1_to_50,must_know_tier,doi,pmid,pmcid,publisher_url,pdf_local_path,access_status,validation_status,notes
a01,guideline_trunk,coronary_revascularization,transversal,direct,ACC/AHA/SCAI Revascularization 2021,2021 ACC/AHA/SCAI Guideline for Coronary Artery Revascularization: Executive Summary,Hasija S.,2022,Circulation,Guideline,ACC/AHA/SCAI,"Urgent CABG x3 phenotype with DM2, NSTEMI, LVEF 35%, CKD3, and complex multivessel disease",very_high,What does ACC/AHA/SCAI Revascularization 2021 add to decisions for coronary revascularization?,ACC/AHA/SCAI Revascularization 2021 remains clinically relevant for coronary revascularization in the index CABG case.,"Provides the reference frame for indication, timing, perioperative standards, and multidisciplinary planning.",indication,timing,yes,partial,no,no,no,no,no,no,no,no,high,3,1,1,1,1,yes,yes,no,no,no,yes,yes,yes,yes,high,,,,,,,,,,,"Applicability depends on local resources, exact perioperative phenotype, and update cycle.",1,absolute_core,10.1161/cir.0000000000001038,34882435,PMC6839829,https://doi.org/10.1161/CIR.0000000000001038,,paywalled,validated_primary,Abstract not available. Matrix annotations are restricted to validated metadata and domain relevance.
a02,guideline_trunk,acute_coronary_syndromes,preop,direct,ACC/AHA ACS 2025,2025 ACC/AHA/ACEP/NAEMSP/SCAI Guideline for the Management of Patients With Acute Coronary Syndromes,"Beltrame JF, Nicholls SJ.",2025,Circulation,Guideline,ACC/AHA/ACEP/NAEMSP/SCAI,"Urgent CABG x3 phenotype with DM2, NSTEMI, LVEF 35%, CKD3, and complex multivessel disease",very_high,What does ACC/AHA ACS 2025 add to decisions for acute coronary syndromes?,ACC/AHA ACS 2025 remains clinically relevant for acute coronary syndromes in the index CABG case.,"Provides the reference frame for indication, timing, perioperative standards, and multidisciplinary planning.",timing,indication,yes,yes,no,no,no,no,no,no,no,no,high,3,1,1,1,1,yes,yes,yes,no,no,yes,,,,high,,,high,,,,,,,,"Applicability depends on local resources, exact perioperative phenotype, and update cycle.",2,absolute_core,10.1161/cir.0000000000001309,40014670,PMC12558862,https://doi.org/10.1161/CIR.0000000000001309,,paywalled,validated_primary,Abstract not available. Matrix annotations are restricted to validated metadata and domain relevance.
a03,guideline_trunk,acute_coronary_syndromes,preop,direct,ESC ACS 2023,2023 ESC Guidelines for the management of acute coronary syndromes,Wenger NK.,2023,European Heart Journal,Guideline,ESC,"Urgent CABG x3 phenotype with DM2, NSTEMI, LVEF 35%, CKD3, and complex multivessel disease",very_high,What does ESC ACS 2023 add to decisions for acute coronary syndromes?,"This document also underwent external review including international experts from within and beyond Europe and ESC partner organizations, including the Interamerican Society of Cardiology (IASC), the Pan-African Society of Cardiology (PASCAR), the Asian Pacific Society of Cardiology (APSC), and the ASEAN Federation of Cardiology (AFC).","Provides the reference frame for indication, timing, perioperative standards, and multidisciplinary planning.",timing,indication,yes,yes,no,no,no,no,no,no,no,no,high,3,1,1,1,1,yes,yes,yes,no,no,yes,,,,high,,,high,,,,,,,,"Applicability depends on local resources, exact perioperative phenotype, and update cycle.",3,absolute_core,10.1093/eurheartj/ehad191,40152902,,https://doi.org/10.1093/eurheartj/ehad191,,not_downloaded_legal_restriction,validated_primary,"ESC Guidelines provide best practice, evidence-based recommendations for diagnosing and treating patients with cardiovascular diseases.
It is not always possible for best practices to be followed, however, particularly in low-resource settings.
To address this issue, a set of guideline-related documents were created to identify key priorities for users in these settings.
The documents highlight the related recommendations and describe key strategies for clinicians to approach implementation of these recommendations or discuss alternatives which are in line with the intention of the recommendations, if not having all of the same advantages.
The suggestions cannot be used as exact substitutes for the original recommendations in the guidelines, which have not been altered and continue to reflect best practice.
This document on key priorities for low-resource settings was developed by the task force Chairs and other members of the task force who produced the 2023 ESC Guidelines for the management of acute coronary syndromes, which are freely available on the ESC website (https://www.escardio.org/Guidelines)."
a04,guideline_trunk,myocardial_revascularization,transversal,direct,ESC/EACTS Revascularization 2018,2018 ESC/EACTS Guidelines on myocardial revascularization,"Byrne RA, Fremes S, Capodanno D, Czerny M, Doenst T, Emberson JR, et al.",2019,European Heart Journal,Guideline,ESC/EACTS,"Urgent CABG x3 phenotype with DM2, NSTEMI, LVEF 35%, CKD3, and complex multivessel disease",very_high,What does ESC/EACTS Revascularization 2018 add to decisions for myocardial revascularization?,ESC/EACTS Revascularization 2018 remains clinically relevant for myocardial revascularization in the index CABG case.,"Provides the reference frame for indication, timing, perioperative standards, and multidisciplinary planning.",indication,conduit,yes,no,partial,no,no,no,no,no,no,no,high,3,1,1,1,1,yes,yes,no,no,no,yes,yes,yes,yes,high,,,,,,,,,,,"Applicability depends on local resources, exact perioperative phenotype, and update cycle.",4,high_core,10.1093/eurheartj/ehy394,30165437,,https://doi.org/10.1093/eurheartj/ehy394,,not_downloaded_legal_restriction,validated_primary,Abstract not available. Matrix annotations are restricted to validated metadata and domain relevance.
a05,guideline_trunk,diabetes_pharmacology,longitudinal,high,ADA Pharmacologic 2026,9. Pharmacologic Approaches to Glycemic Treatment: Standards of Care in Diabetes-2026.,American Diabetes Association Professional Practice Committee for Diabetes*..,2026,Diabetes care,Guideline,ADA,"Urgent CABG x3 phenotype with DM2, NSTEMI, LVEF 35%, CKD3, and complex multivessel disease",high,What does ADA Pharmacologic 2026 add to decisions for diabetes pharmacology?,Readers who wish to comment on the Standards of Care are invited to do so at professional.diabetes.org/SOC.,"Provides the reference frame for indication, timing, perioperative standards, and multidisciplinary planning.",glycemia,outcomes,no,no,no,no,no,yes,no,no,no,no,medium,1,1,1,1,1,no,no,no,no,no,,,,,high,,high,,,,,high,,,,"Applicability depends on local resources, exact perioperative phenotype, and update cycle.",5,extension,10.2337/dc26-s009,41358900,PMC6245208,https://doi.org/10.2337/dc19-s009,,abstract-only,validated_primary,"The American Diabetes Association (ADA) ""Standards of Care in Diabetes"" includes the ADA's current clinical practice recommendations and is intended to provide the components of diabetes care, general treatment goals and guidelines, and tools to evaluate quality of care.
Members of the ADA Professional Practice Committee for Diabetes, an interprofessional expert committee, are responsible for updating the Standards of Care annually, or more frequently as warranted.
For a detailed description of ADA standards, statements, and reports, as well as the evidence-grading system for ADA's clinical practice recommendations and a full list of Professional Practice Committee members, please refer to Introduction and Methodology.
Readers who wish to comment on the Standards of Care are invited to do so at professional.diabetes.org/SOC."
a06,guideline_trunk,diabetes_cardiovascular,longitudinal,high,ADA CVD Risk 2026,10. Cardiovascular Disease and Risk Management: Standards of Care in Diabetes-2026,American Diabetes Association Professional Practice Committee for Diabetes* ..,2026,Diabetes Care,Guideline,ADA,"Urgent CABG x3 phenotype with DM2, NSTEMI, LVEF 35%, CKD3, and complex multivessel disease",high,What does ADA CVD Risk 2026 add to decisions for diabetes cardiovascular?,"Future research should prioritize the validation of noninvasive diagnostic tools, development of targeted therapies, and reduction of socioeconomic and ethnic disparities in disease burden and treatment outcomes.","Provides the reference frame for indication, timing, perioperative standards, and multidisciplinary planning.",outcomes,indication,no,no,no,no,no,partial,no,no,no,no,medium,1,1,1,1,1,no,no,no,no,no,,,,,high,,high,,,,,,,,,"Applicability depends on local resources, exact perioperative phenotype, and update cycle.",6,high_core,10.2337/dc26-s010,41358899,PMC12690187,https://doi.org/10.2337/dc26-S010,,abstract-only,validated_primary,"The global increase in childhood and adolescent obesity has significantly contributed to the rising prevalence of metabolic dysfunction-associated steatotic liver disease (MASLD) - a condition now recognized as a key metabolic complication in youth.
MASLD significantly increases the risk of youth-onset type 2 diabetes (T2D), particularly among obese individuals.
Its asymptomatic progression presents considerable challenges for timely diagnosis and intervention.
To review epidemiology, pathophysiological mechanisms, and management strategies related to pediatric MASLD, exploring its interaction with obesity and youth-onset T2D.
A comprehensive literature search was conducted using PubMed, Scopus, and Google Scholar to identify peer-reviewed studies published between 2015 and 2025.
Keywords included ""pediatric MASLD"", ""childhood obesity"", ""youth-onset type 2 diabetes"", ""hepatic insulin resistance"", and ""noninvasive biomarkers""."
a07,guideline_trunk,diabetes_ckd,longitudinal,high,ADA CKD Risk 2026,11. Chronic Kidney Disease and Risk Management: Standards of Care in Diabetes-2026,American Diabetes Association Professional Practice Committee for Diabetes* ..,2026,Diabetes Care,Guideline,ADA,"Urgent CABG x3 phenotype with DM2, NSTEMI, LVEF 35%, CKD3, and complex multivessel disease",high,What does ADA CKD Risk 2026 add to decisions for diabetes ckd?,"Expanding community-level F&V access might increase dietary uptake and improve outcomes for those with CKD and related conditions, helping reduce racial/ethnic disparities in kidney health across the United States.","Provides the reference frame for indication, timing, perioperative standards, and multidisciplinary planning.",renal,glycemia,no,no,no,no,yes,partial,no,no,no,no,medium,1,1,1,1,1,no,no,no,no,no,,,,,high,,high,,,high,,,,,,"Applicability depends on local resources, exact perioperative phenotype, and update cycle.",7,high_core,10.2337/dc26-s011,41358881,PMC12690176,https://doi.org/10.2337/dc26-S011,,abstract-only,validated_primary,"Chronic kidney disease (CKD) disproportionately affects African American (AA) and Hispanic individuals in the United States (U.S.), with higher rates of progression, complications, and mortality.
Despite advances in pharmacologic treatment, disparities persist, highlighting the need for additional evidence-based, community-level strategies.
Diets rich in fruits and vegetables (F&V) are linked to reduced CKD incidence, progression, mortality, and improved cardiovascular disease risk, the leading cause of death in patients with CKD.
Although F&V-based diets are recommended for managing diabetes and hypertension, the primary causes of CKD, these diets remain underprescribed and underutilized.
Poverty, limited education, and low health literacy reduce F&V access in minoritized communities, worsening CKD-related outcomes.
Interventional studies show that high F&V diets, alongside standard care, slow CKD progression and reduce cardiovascular disease mortality."
a08,guideline_trunk,diabetes_hospital,icu,high,ADA Hospital Care 2026,16. Diabetes Care in the Hospital: Standards of Care in Diabetes-2026,American Diabetes Association Professional Practice Committee for Diabetes* ..,2026,Diabetes Care,Guideline,ADA,"Urgent CABG x3 phenotype with DM2, NSTEMI, LVEF 35%, CKD3, and complex multivessel disease",high,What does ADA Hospital Care 2026 add to decisions for diabetes hospital?,Age-adjusted HbA1c or a higher HbA1c threshold (≥6.0% [42 mmol/mol]) in adults ≥30 years identifies individuals with progression risk comparable to children and may improve age-specific risk stratification in prevention settings.,"Provides the reference frame for indication, timing, perioperative standards, and multidisciplinary planning.",glycemia,glycemia,no,no,no,no,no,yes,no,no,yes,no,medium,1,3,1,3,3,no,no,no,yes,yes,,,yes,,high,,high,,,,,high,,,,"Applicability depends on local resources, exact perioperative phenotype, and update cycle.",8,high_core,10.2337/dc26-s016,41358892,PMC12690180,https://doi.org/10.2337/dc26-S016,,abstract-only,validated_primary,"HbA1c thresholds used to define dysglycemia in autoantibody-positive individuals at risk for type 1 diabetes do not account for age-related increases in HbA1c and may overestimate progression risk in adults.
We evaluated whether age-adjusted HbA1c or a higher HbA1c threshold improves risk stratification across age groups.
We analyzed 5,024 autoantibody-positive relatives (3,720 children and 1,304 adults) participating in the TrialNet Pathway to Prevention study.
Age-related HbA1c effects were modelled using 6,273 adults from the population-based Exeter 10,000 cohort.
Progression risk was compared using the standard dysglycemia threshold (HbA1c ≥ 5.7% [39 mmol/mol]), age-adjusted HbA1c, and an alternative threshold of HbA1c ≥6.0% (42 mmol/mol).
Using HbA1c ≥5.7%, children had higher 1-year progression risk than adults among single autoantibody-positive participants (38% [95% CI 28, 47] vs."
a09,guideline_trunk,ckd_guideline,longitudinal,high,KDIGO CKD 2024,KDIGO 2024 Clinical Practice Guideline for the Evaluation and Management of Chronic Kidney Disease,Authors N.,2024,Kidney International,Guideline,KDIGO,"Urgent CABG x3 phenotype with DM2, NSTEMI, LVEF 35%, CKD3, and complex multivessel disease",high,What does KDIGO CKD 2024 add to decisions for ckd guideline?,The use of the «Kidney Failure Risk Equation» is encouraged to estimate the risk of kidney failure and guide clinical decisions.,"Provides the reference frame for indication, timing, perioperative standards, and multidisciplinary planning.",renal,outcomes,no,no,no,no,yes,no,no,no,no,no,medium,1,1,2,1,1,no,yes,no,no,no,,,,,high,,,,,high,,,,,,"Applicability depends on local resources, exact perioperative phenotype, and update cycle.",9,extension,10.1016/j.kint.2023.10.018,38490803,PMC12667306,https://doi.org/10.1016/j.kint.2023.10.018,raw\pdf\2024__Authors__KDIGO_CKD_2024.pdf,open,validated_primary,"The new KDIGO («Kidney Disease Improving Global Outcomes») 2024 guidelines on chronic kidney disease (CKD) provide significant updates.
They reaffirm the importance of the glomerular filtration rate (GFR) and of the urine albumin-to-creatinine ratio (ACR) for diagnosing and classifying CKD.
CKD is defined by a GFR < 60 mL/min/1.73 m² and/or ACR > 30 mg/g and/or persistent renal abnormalities for at least three months.
The main innovation is the preferential use of equations combining creatinine and cystatin C to estimate GFR, although cystatin C assay may not always be available or reimbursed.
The guidelines also recommend the EKFC («European Kidney Function Consortium») equations, particularly suited to Europe and applicable to all age groups.
ACR remains a key indicator for assessing the risk of CKD progression and the response to nephroprotective treatments."
a10,guideline_trunk,aki_guideline,icu,high,KDIGO AKI 2012,KDIGO Clinical Practice Guideline for Acute Kidney Injury,Khwaja A.,2012,Kidney International Supplements,Guideline,KDIGO,"Urgent CABG x3 phenotype with DM2, NSTEMI, LVEF 35%, CKD3, and complex multivessel disease",high,What does KDIGO AKI 2012 add to decisions for aki guideline?,"Given the importance of AKI on short- and long-term outcomes, the inclusion of preoperative and highest postoperative sCr within 7 days of surgery among patients at high risk for postoperative AKI (open abdominal aortic aneurysm, supra/infrainguinal bypass, thoracic endovascular aortic repair, and endovascular aortic repair) may be warranted to facilitate appropriate benchmarking and quality improvement efforts.","Provides the reference frame for indication, timing, perioperative standards, and multidisciplinary planning.",renal,renal,no,no,no,no,yes,no,no,no,yes,no,medium,1,3,3,3,1,no,yes,yes,yes,no,,,yes,,high,,,,,high,,,,,,"Applicability depends on local resources, exact perioperative phenotype, and update cycle.",10,absolute_core,10.1038/kisup.2012.1,41101710,PMC10658998,https://doi.org/10.1038/kisup.2012.1,,abstract-only,validated_primary,"Recently the American College of Surgeons National Surgical Quality Improvement Program (ACS NSQIP) lowered the thresholds for acute kidney injury (AKI) to align with the Kidney Disease: Improving Global Outcomes (KDIGO) definition (≥0.3 mg/dL change from the reference serum creatinine [sCr] within 48 hours of surgery or initiation of dialysis).
The Vascular Quality Initiative (VQI) defines postoperative renal dysfunction as a rise in sCr >0.5 mg/dL from baseline or new postoperative temporary or permanent dialysis throughout the postoperative course.
This definition does not align with guidelines outside of VQI and may not capture subtle changes in perioperative renal function that can impact patient outcomes.
This was a single-institution retrospective review of adult patients with no previous history of preoperative hemodialysis undergoing elective or nonelective major vascular surgery that were registered with the VQI.
Patients undergoing endovascular abdominal or thoracic aortic repair, open abdominal aortic aneurysm repair, and suprainguinal or infrainguinal bypasses were included.
A total of 932 patients were included."
a11,guideline_trunk,eras_cardiac_surgery,transversal,medium,ERAS Cardiac Surgery 2019,Standardized Recommendations for the Implementation of Enhanced Recovery Protocols in Thoracic Surgery in Spain: A Delphi Consensus Study.,Ljungqvist O.,2026,European journal of cardio-thoracic surgery : official journal of the European Association for Cardio-thoracic Surgery,Consensus statement,ERAS Society,"Urgent CABG x3 phenotype with DM2, NSTEMI, LVEF 35%, CKD3, and complex multivessel disease",moderate,What does ERAS Cardiac Surgery 2019 add to decisions for eras cardiac surgery?,"They may also facilitate the broader adoption of ERAS strategies, ultimately improving patient recovery and resource utilization.","Provides the reference frame for indication, timing, perioperative standards, and multidisciplinary planning.",eras,outcomes,no,no,no,no,no,no,no,partial,yes,yes,medium,1,3,1,3,3,no,no,no,yes,yes,yes,yes,yes,yes,high,,,,,,,,,,high,Consensus guidance may outpace high-quality randomized evidence in some operative decisions.,11,absolute_core,10.1093/ejcts/ezag083,41701146,PMC9801279,https://doi.org/10.1007/978-3-030-33443-7_1,,abstract-only,unresolved_partial,"Despite advancements in minimally invasive techniques, lung resection surgery for lung cancer still carries a significant risk of complications.
Enhanced recovery after surgery (ERAS) protocols offer strategies to improve outcomes, yet their adoption is still inconsistent.
This study aims to develop a series of evidence-based recommendations for ERAS strategies, incorporating insights from thoracic surgeons, anaesthetists, nurses, physiotherapists, and patients.
A 2-round Delphi consensus process was conducted with experts in the management of thoracic surgery patients.
A scientific committee established 62 recommendations across 3 phases: preoperative (n = 12), intraoperative (n = 30), and postoperative (n = 20).
Consensus was defined as ≥66% agreement (Likert scale 6-7) or disagreement (Likert 1-2) among panellists."
a12,guideline_trunk,patient_blood_management,transversal,high,STS PBM Update,STS/SCA/AmSECT/SABM Update to the Clinical Practice Guidelines on Patient Blood Management.,"Tibi P, McClure RS, Huang J, Baker RA, Fitzgerald D, Mazer CD, et al.",2021,Journal of cardiothoracic and vascular anesthesia,Guideline,STS/SCA/AmSECT/SABM,"Urgent CABG x3 phenotype with DM2, NSTEMI, LVEF 35%, CKD3, and complex multivessel disease",high,What does STS PBM Update add to decisions for patient blood management?,STS PBM Update remains clinically relevant for patient blood management in the index CABG case.,"Provides the reference frame for indication, timing, perioperative standards, and multidisciplinary planning.",transfusion,transfusion,no,no,no,no,no,no,yes,no,yes,no,medium,1,3,3,2,2,no,yes,yes,yes,no,yes,yes,yes,yes,high,,,,,,high,,,,,"Applicability depends on local resources, exact perioperative phenotype, and update cycle.",12,absolute_core,10.1053/j.jvca.2021.03.011,34217578,,https://linkinghub.elsevier.com/retrieve/pii/S1053077021002536,,paywalled,validated_primary,Abstract not available. Matrix annotations are restricted to validated metadata and domain relevance.
a13,guideline_trunk,patient_blood_management,transversal,high,EACTS PBM 2024,2024 EACTS/EACTAIC Guidelines on patient blood management in adult cardiac surgery in collaboration with EBCP,"Casselman FPA, Lance MD, Ahmed A, Ascari A, Blanco-Morillo J, Bolliger D, et al.",2025,European Journal of Cardio-Thoracic Surgery,Guideline,EACTS/EACTAIC,"Urgent CABG x3 phenotype with DM2, NSTEMI, LVEF 35%, CKD3, and complex multivessel disease",high,What does EACTS PBM 2024 add to decisions for patient blood management?,EACTS PBM 2024 remains clinically relevant for patient blood management in the index CABG case.,"Provides the reference frame for indication, timing, perioperative standards, and multidisciplinary planning.",transfusion,transfusion,no,no,no,no,no,no,yes,no,yes,no,medium,1,3,3,2,2,no,yes,yes,yes,no,yes,yes,yes,yes,high,,,,,,high,,,,,"Applicability depends on local resources, exact perioperative phenotype, and update cycle.",13,extension,10.1093/ejcts/ezae352,39385500,PMC12257489,https://doi.org/10.1093/ejcts/ezae352,,paywalled,validated_primary,Abstract not available. Matrix annotations are restricted to validated metadata and domain relevance.
a14,guideline_trunk,arterial_conduits,intraop,direct,STS Arterial Conduits,The Society of Thoracic Surgeons Clinical Practice Guidelines on Arterial Conduits for Coronary Artery Bypass Grafting.,Mehta A.,2016,The Annals of thoracic surgery,Guideline,STS,"Urgent CABG x3 phenotype with DM2, NSTEMI, LVEF 35%, CKD3, and complex multivessel disease",very_high,What does STS Arterial Conduits add to decisions for arterial conduits?,"Use of arterial grafts (specific targets, number, and type) should be a part of the discussion of the heart team in determining the optimal approach for each patient (COR I, LOE C).","Provides the reference frame for indication, timing, perioperative standards, and multidisciplinary planning.",conduit,technique,no,no,yes,no,no,no,no,no,no,no,medium,3,1,1,1,1,no,yes,yes,no,no,,yes,,,high,,,,,,,,,,,"Applicability depends on local resources, exact perioperative phenotype, and update cycle.",14,extension,10.1016/j.athoracsur.2015.09.100,26680310,,https://linkinghub.elsevier.com/retrieve/pii/S0003497515016082,,abstract-only,validated_primary,"Internal thoracic arteries (ITAs) should be used to bypass the left anterior descending (LAD) artery when bypass of the LAD is indicated (class of recommendation [COR] I, level of evidence [LOE] B).
As an adjunct to left internal thoracic artery (LITA), a second arterial graft (right ITA or radial artery [RA]) should be considered in appropriate patients (COR IIa, LOE B).
Use of bilateral ITAs (BITAs) should be considered in patients who do not have an excessive risk of sternal complications (COR IIa, LOE B).
To reduce the risk of sternal infection with BITA, skeletonized grafts should be considered (COR IIa, LOE B), smoking cessation is recommended (COR I, LOE C), glycemic control should be considered (COR IIa, LOE B), and enhanced sternal stabilization may be considered (COR IIb, LOE C).
As an adjunct to LITA to LAD (or in patients with inadequate LITA grafts), use of a RA graft is reasonable when grafting coronary targets with severe stenoses (COR IIa, LOE: B).
When RA grafts are used, it is reasonable to use pharmacologic agents to reduce acute intraoperative and perioperative spasm (COR IIa, LOE C)."
a15,guideline_trunk,conduit_choice_review,intraop,direct,Choice of Conduits Review,Expert systematic review on the choice of conduits for coronary artery bypass grafting: endorsed by the European Association for Cardio-Thoracic Surgery (EACTS) and The Society of Thoracic Surgeons (STS),Murashita T.,2023,Journal of Thoracic and Cardiovascular Surgery,Review,,"Urgent CABG x3 phenotype with DM2, NSTEMI, LVEF 35%, CKD3, and complex multivessel disease",high,What does Choice of Conduits Review add to decisions for conduit choice review?,Choice of Conduits Review remains clinically relevant for conduit choice review in the index CABG case.,"Provides the reference frame for indication, timing, perioperative standards, and multidisciplinary planning.",conduit,technique,no,no,yes,no,no,no,no,no,no,no,medium,3,1,1,1,1,no,yes,yes,no,no,,yes,,,high,,,,,,,,,,,Narrative or synthesized evidence depends on included studies and may not replace trial-level data.,15,extension,10.1016/j.jtcvs.2023.06.017,37542480,,https://doi.org/10.1016/j.jtcvs.2023.06.017,,paywalled,validated_primary,Abstract not available. Matrix annotations are restricted to validated metadata and domain relevance.
b16,revascularization,dm2_multivessel,longitudinal,direct,FREEDOM,"Patterns and Outcomes of Completeness of Revascularization in Patients With Diabetes and Non-ST-Segment-Elevation Myocardial Infarction in Ontario, Canada.",Farmer JA.,2026,Circulation. Population health and outcomes,Randomized clinical trial,,"Urgent CABG x3 phenotype with DM2, NSTEMI, LVEF 35%, CKD3, and complex multivessel disease",very_high,What does FREEDOM add to decisions for dm2 multivessel?,"There was an incremental mortality reduction associated with CABG or complete revascularization with PCI, compared with incomplete revascularization with PCI or no revascularization.","Directly informs CABG versus PCI choice in complex multivessel disease, especially when diabetes and ACS coexist.",indication,outcomes,yes,no,no,no,no,no,no,no,no,no,high,3,1,1,1,1,yes,yes,no,no,no,,,,,high,,high,,,,,,,,,"Trial era, crossover, and enrolled population may limit direct transfer to contemporary surgical practice.",16,absolute_core,10.1161/circoutcomes.125.012310,41697273,,https://doi.org/10.1007/s11883-014-0426-0,,abstract-only,unresolved_partial,"It remains unknown how often, and to which extent, patients with diabetes and non-ST-segment-elevation myocardial infarction are revascularized.
This study aimed to identify practice patterns and clinical outcomes in patients with diabetes and non-ST-segment-elevation myocardial infarction according to completeness of revascularization.
All patients with diabetes and multivessel disease hospitalized for non-ST-segment-elevation myocardial infarction in Ontario, Canada, between April 2009 and March 2020 and undergoing coronary angiography were included.
Patients with previous coronary artery bypass grafting (CABG) at any time, percutaneous coronary intervention (PCI) in the previous 90 days, or an ST-segment-elevation myocardial infarction in the previous 90 days were excluded, as were patients with hemodynamic instability at hospital admission.
Patients were classified into 4 groups, from the most to the least complete revascularization strategy: CABG, complete revascularization with PCI, incomplete PCI, or no revascularization.
The primary outcome was all-cause death at 5 years."
b17,revascularization,dm2_multivessel,longitudinal,direct,FREEDOM Follow-On,Long-Term Survival Following Multivessel Revascularization in Patients With Diabetes: The FREEDOM Follow-On Study.,Aronow W.,2019,Journal of the American College of Cardiology,Follow-up analysis,,"Urgent CABG x3 phenotype with DM2, NSTEMI, LVEF 35%, CKD3, and complex multivessel disease",very_high,What does FREEDOM Follow-On add to decisions for dm2 multivessel?,(Comparison of Two Treatments for Multivessel Coronary Artery Disease in Individuals With Diabetes [FREEDOM]; NCT00086450).,"Directly informs CABG versus PCI choice in complex multivessel disease, especially when diabetes and ACS coexist.",outcomes,indication,partial,no,no,no,no,no,no,no,no,no,medium,2,1,1,1,1,no,no,no,no,no,,,,,high,,high,,,,,,,,,"Interpretation depends on survivor bias, crossover, and evolving background therapy over time.",17,absolute_core,10.1016/j.jacc.2018.11.001,30428398,PMC4985288,https://linkinghub.elsevier.com/retrieve/pii/S0735109718389940,,abstract-only,validated_primary,"The FREEDOM (Future Revascularization Evaluation in Patients with Diabetes Mellitus: Optimal Management of Multivessel Disease) trial demonstrated that for patients with diabetes mellitus (DM) and multivessel coronary disease (MVD), coronary artery bypass grafting (CABG) is superior to percutaneous coronary intervention with drug-eluting stents (PCI-DES) in reducing the rate of major adverse cardiovascular and cerebrovascular events after a median follow-up of 3.8 years.
It is not known, however, whether CABG confers a survival benefit after an extended follow-up period.
The purpose of this study was to evaluate the long-term survival of DM patients with MVD undergoing coronary revascularization in the FREEDOM trial.
The FREEDOM trial randomized 1,900 patients with DM and MVD to undergo either PCI with sirolimus-eluting or paclitaxel-eluting stents or CABG on a background of optimal medical therapy.
After completion of the trial, enrolling centers and patients were invited to participate in the FREEDOM Follow-On study.
Survival was evaluated using Kaplan-Meier analysis, and Cox proportional hazards models were used for subgroup and multivariate analyses."
b18,revascularization,syntax_complexity,longitudinal,direct,SYNTAX 10-year,Ten-Year All-Cause Mortality Following Staged Percutaneous Revascularization in Patients With Complex Coronary Artery Disease.,"Gandotra D, Kaul U.",2022,Cardiovascular revascularization medicine : including molecular interventions,Follow-up analysis,,"Urgent CABG x3 phenotype with DM2, NSTEMI, LVEF 35%, CKD3, and complex multivessel disease",very_high,What does SYNTAX 10-year add to decisions for syntax complexity?,"At 10-year follow-up, SPCI was associated with higher mortality than single-session PCI, so that CABG may be preferable if a staged procedure is anticipated.","Directly informs CABG versus PCI choice in complex multivessel disease, especially when diabetes and ACS coexist.",indication,outcomes,yes,no,no,no,no,no,no,no,no,no,high,3,1,1,1,1,yes,yes,no,no,no,,,,,high,,,,,,,,,,,"Interpretation depends on survivor bias, crossover, and evolving background therapy over time.",18,extension,10.1016/j.carrev.2021.08.027,34503909,PMC12985967,https://linkinghub.elsevier.com/retrieve/pii/S1553838921006345,,abstract-only,unresolved_partial,"Medical and/or economic reasons sometimes necessitate the staging of percutaneous coronary intervention (SPCI) procedures in patients with complex coronary artery disease; however, the impact of this on very long-term outcomes is unknown.
The aim of the present study is to assess 10-year all-cause mortality in patients with the three-vessel disease (3VD) and/or left main disease (LM) undergoing SPCI.
This is a sub-analysis of patients undergoing SPCI in the SYNTAXES study, which investigated 10-year all-cause mortality in patients with 3VD and/or LM in the randomized SYNTAX trial, beyond its original 5-year follow-up.
An SPCI was allowed within 72 h or, if renal insufficiency or contrast-induced nephropathy occurred, within 14 days of the index procedure.
Mortality was compared between patients having SPCI versus those not having SPCI or undergoing CABG.
PCI patients were further stratified according to 3VD or LM."
b19,revascularization,physiology_guided_pci_vs_cabg,longitudinal,high,FAME 3,Fractional flow reserve guided percutaneous coronary intervention,"Ferlini M, Munafò A, Visconti LO..",2025,World journal of cardiology,Randomized clinical trial,,"Urgent CABG x3 phenotype with DM2, NSTEMI, LVEF 35%, CKD3, and complex multivessel disease",very_high,What does FAME 3 add to decisions for physiology guided pci vs cabg?,"However, CABG results in fewer MACEs, myocardial infarctions, and repeat procedures.","Directly informs CABG versus PCI choice in complex multivessel disease, especially when diabetes and ACS coexist.",indication,technique,yes,partial,no,no,no,no,no,no,no,no,high,3,1,1,1,1,yes,yes,no,no,no,,,,,high,,,,,,,,,,,"Trial era, crossover, and enrolled population may limit direct transfer to contemporary surgical practice.",19,extension,10.4330/wjc.v17.i9.111044,41024968,PMC1767806,https://doi.org/10.1056/nejmc2202491,,abstract-only,unresolved_partial,"Coronary artery bypass grafting (CABG) and percutaneous coronary intervention (PCI) are well-established treatments for multivessel coronary artery disease (CAD), a condition where multiple heart arteries are narrowed.
A newer approach, fractional flow reserve (FFR)-guided PCI, uses a specialized measurement to select which artery blockages to treat, aiming to enhance patient outcomes.
Despite its adoption, the comparative effectiveness of FFR-guided PCI vs CABG remains unclear, particularly regarding key health outcomes such as survival, heart-related complications, and the need for further procedures.
To evaluate the safety and effectiveness of FFR -guided PCI compared to CABG in patients with multivessel CAD.
This meta-analysis followed standard reporting guidelines and included randomized controlled trials (RCTs) comparing FFR-guided PCI with CABG in patients with multivessel CAD.
We searched medical databases, including PubMed, EMBASE, ScienceDirect, and ClinicalTrials.gov, from their start to May 2025."
b20,revascularization,physiology_guided_pci_vs_cabg,longitudinal,high,FAME 3 five-year,"Outcomes after fractional flow reserve-guided percutaneous coronary intervention versus coronary artery bypass grafting (FAME 3): 5-year follow-up of a multicentre, open-label, randomised trial","Dillen DMM, Otsuki H, Takahashi K, Kobayashi Y, Piroth Z, Noiseux N, et al.",2025,Lancet,Follow-up analysis,,"Urgent CABG x3 phenotype with DM2, NSTEMI, LVEF 35%, CKD3, and complex multivessel disease",high,What does FAME 3 five-year add to decisions for physiology guided pci vs cabg?,FAME 3 five-year remains clinically relevant for physiology guided pci vs cabg in the index CABG case.,"Directly informs CABG versus PCI choice in complex multivessel disease, especially when diabetes and ACS coexist.",outcomes,indication,partial,partial,no,no,no,no,no,no,no,no,high,2,1,1,1,1,yes,yes,no,no,no,,,,,high,,,,,,,,,,,"Interpretation depends on survivor bias, crossover, and evolving background therapy over time.",20,extension,10.1016/s0140-6736(25)00505-7,39727036,PMC11748902,https://doi.org/10.1016/S0140-6736(25)00505-7,,paywalled,validated_primary,Abstract not available. Matrix annotations are restricted to validated metadata and domain relevance.
b21,revascularization,left_main,longitudinal,medium,EXCEL,Everolimus-Eluting Stents or Bypass Surgery for Left Main Coronary Artery Disease,"Hosoyama K, Yamada-Fujiwara M, Itagaki K, Tago T, Yuda K, Ito K, et al.",2016,New England Journal of Medicine,Randomized clinical trial,,"Urgent CABG x3 phenotype with DM2, NSTEMI, LVEF 35%, CKD3, and complex multivessel disease",moderate,What does EXCEL add to decisions for left main?,EXCEL remains clinically relevant for left main in the index CABG case.,"Directly informs CABG versus PCI choice in complex multivessel disease, especially when diabetes and ACS coexist.",indication,outcomes,yes,no,no,no,no,no,no,no,no,no,medium,2,1,1,1,1,yes,no,no,no,no,,,,,high,,,,,,,,,,,"Trial era, crossover, and enrolled population may limit direct transfer to contemporary surgical practice.",21,advanced_core,10.1056/nejmoa1610227,27797291,,https://doi.org/10.1056/NEJMoa1610227,,not_downloaded_legal_restriction,validated_primary,Abstract not available. Matrix annotations are restricted to validated metadata and domain relevance.
b22,revascularization,left_main,longitudinal,medium,EXCEL five-year,Five-Year Outcomes after PCI or CABG for Left Main Coronary Disease,"Stone GW, Kappetein AP, Sabik JF, Pocock SJ, Morice MC, Puskas J, et al.",2019,New England Journal of Medicine,Follow-up analysis,,"Urgent CABG x3 phenotype with DM2, NSTEMI, LVEF 35%, CKD3, and complex multivessel disease",moderate,What does EXCEL five-year add to decisions for left main?,EXCEL five-year remains clinically relevant for left main in the index CABG case.,"Directly informs CABG versus PCI choice in complex multivessel disease, especially when diabetes and ACS coexist.",outcomes,indication,partial,no,no,no,no,no,no,no,no,no,medium,2,1,1,1,1,yes,no,no,no,no,,,,,high,,,,,,,,,,,"Interpretation depends on survivor bias, crossover, and evolving background therapy over time.",22,advanced_core,10.1056/nejmoa1909406,31562798,,https://doi.org/10.1056/NEJMoa1909406,,not_downloaded_legal_restriction,validated_primary,Abstract not available. Matrix annotations are restricted to validated metadata and domain relevance.
b23,revascularization,left_main,longitudinal,medium,NOBLE five-year,"Percutaneous coronary angioplasty versus coronary artery bypass grafting in the treatment of unprotected left main stenosis: updated 5-year outcomes from the randomised, non-inferiority NOBLE trial.","Jonik S, Gumiężna K, Baruś P, Wilimski R, Kuśmierczyk M, Opolski G, et al.",2020,"Lancet (London, England)",Follow-up analysis,,"Urgent CABG x3 phenotype with DM2, NSTEMI, LVEF 35%, CKD3, and complex multivessel disease",moderate,What does NOBLE five-year add to decisions for left main?,Biosensors.,"Directly informs CABG versus PCI choice in complex multivessel disease, especially when diabetes and ACS coexist.",outcomes,indication,partial,no,no,no,no,no,no,no,no,no,medium,2,1,1,1,1,no,no,no,no,no,,,,,high,,,,,,,,,,,"Interpretation depends on survivor bias, crossover, and evolving background therapy over time.",23,advanced_core,10.1016/s0140-6736(19)32972-1,31879028,PMC12387798,https://linkinghub.elsevier.com/retrieve/pii/S0140673619329721,,abstract-only,validated_primary,"Percutaneous coronary intervention (PCI) is increasingly used in revascularisation of patients with left main coronary artery disease in place of the standard treatment, coronary artery bypass grafting (CABG).
The NOBLE trial aimed to evaluate whether PCI was non-inferior to CABG in the treatment of left main coronary artery disease and reported outcomes after a median follow-up of 3·1 years.
We now report updated 5-year outcomes of the trial.
The prospective, randomised, open-label, non-inferiority NOBLE trial was done at 36 hospitals in nine northern European countries.
Patients with left main coronary artery disease requiring revascularisation were enrolled and randomly assigned (1:1) to receive PCI or CABG.
The primary endpoint was major adverse cardiac or cerebrovascular events (MACCE), a composite of all-cause mortality, non-procedural myocardial infarction, repeat revascularisation, and stroke."
b24,revascularization,left_main,longitudinal,medium,PRECOMBAT ten-year,Ten-Year Outcomes After Drug-Eluting Stents Versus Coronary Artery Bypass Grafting for Left Main Coronary Disease: Extended Follow-Up of the PRECOMBAT Trial.,"Park D, Ahn J, Park H, Yun S, Kang D, Lee PH, et al.",2020,Circulation,Follow-up analysis,,"Urgent CABG x3 phenotype with DM2, NSTEMI, LVEF 35%, CKD3, and complex multivessel disease",moderate,What does PRECOMBAT ten-year add to decisions for left main?,Registration: URL: https://www.clinicaltrials.gov; Unique identifiers: NCT03871127 and NCT00422968.,"Directly informs CABG versus PCI choice in complex multivessel disease, especially when diabetes and ACS coexist.",outcomes,indication,partial,no,no,no,no,no,no,no,no,no,medium,2,1,1,1,1,no,no,no,no,no,,,,,high,,,,,,,,,,,"Interpretation depends on survivor bias, crossover, and evolving background therapy over time.",24,advanced_core,10.1161/circulationaha.120.046039,32223567,PMC9893531,https://doi.org/10.1161/circulationaha.120.046039,,abstract-only,validated_primary,"Long-term comparative outcomes after percutaneous coronary intervention (PCI) with drug-eluting stents and coronary-artery bypass grafting (CABG) for left main coronary artery disease are highly debated.
In the PRECOMBAT trial (Premier of Randomized Comparison of Bypass Surgery versus Angioplasty Using Sirolimus-Eluting Stent in Patients with Left Main Coronary Artery Disease), patients with unprotected left main coronary artery disease were randomly assigned to undergo PCI with sirolimus-eluting stents (n=300) or CABG (n=300) in 13 hospitals in Korea from April 2004 to August 2009.
The follow-up was extended to at least 10 years for all patients (median, 11.3 years).
The primary outcome was the incidence of major adverse cardiac or cerebrovascular events (composite of death from any cause, myocardial infarction, stroke, or ischemia-driven target-vessel revascularization).
At 10 years, a primary outcome event occurred in 29.8% of the PCI group and in 24.7% of the CABG group (hazard ratio [HR] with PCI vs CABG, 1.25 [95% CI, 0.93-1.69]).
The 10-year incidence of the composite of death, myocardial infarction, or stroke (18.2% vs 17.5%; HR 1.00 [95% CI, 0.70-1.44]) and all-cause mortality (14.5% vs 13.8%; HR 1.13 [95% CI, 0.75-1.70]) were not significantly different between the PCI and CABG groups."
b25,revascularization,left_main_meta_analysis,longitudinal,medium,Left Main IPD Meta-analysis,Percutaneous Coronary Intervention vs Coronary Artery Bypass Graft Surgery for Left Main Disease in Patients With and Without Acute Coronary Syndromes: A Pooled Analysis of 4 Randomized Clinical Trials.,"Akintoye E, Salih M, Olagoke O, Oseni A, Sistla P, Alqasrawi M, et al.",2023,JAMA cardiology,Meta-analysis,,"Urgent CABG x3 phenotype with DM2, NSTEMI, LVEF 35%, CKD3, and complex multivessel disease",moderate,What does Left Main IPD Meta-analysis add to decisions for left main meta analysis?,"ClinicalTrials.gov Identifiers: NCT00114972, NCT00422968, NCT01496651, NCT01205776.","Directly informs CABG versus PCI choice in complex multivessel disease, especially when diabetes and ACS coexist.",indication,outcomes,yes,no,no,no,no,no,no,no,no,no,medium,2,1,1,1,1,yes,no,no,no,no,,,,,high,,,,,,,,,,,Pooled estimates inherit heterogeneity from source trials and variable endpoint definitions.,25,advanced_core,10.1161/circulationaha.113.001258,37256598,PMC8948200,https://doi.org/10.1016/j.carrev.2020.08.040,,abstract-only,unresolved_partial,"Patients with left main coronary artery disease presenting with an acute coronary syndrome (ACS) represent a high-risk and understudied subgroup of patients with atherosclerosis.
To assess clinical outcomes after PCI vs CABG in patients with left main disease with vs without ACS.
Data were pooled from 4 trials comparing PCI with drug-eluting stents vs CABG in patients with left main disease who were considered equally suitable candidates for either strategy (SYNTAX, PRECOMBAT, NOBLE, and EXCEL).
Patients were categorized as presenting with or without ACS.
Kaplan-Meier event rates through 5 years and Cox model hazard ratios were generated, and interactions were tested.
Patients were enrolled in the individual trials from 2004 through 2015."
b26,revascularization,stable_ischemia,longitudinal,medium,ISCHEMIA,Initial Invasive or Conservative Strategy for Stable Coronary Disease,"Kimpton J, Khong TK..",2020,New England Journal of Medicine,Randomized clinical trial,,"Urgent CABG x3 phenotype with DM2, NSTEMI, LVEF 35%, CKD3, and complex multivessel disease",indirect,What does ISCHEMIA add to decisions for stable ischemia?,ISCHEMIA remains clinically relevant for stable ischemia in the index CABG case.,"Directly informs CABG versus PCI choice in complex multivessel disease, especially when diabetes and ACS coexist.",indication,outcomes,yes,no,no,no,no,no,no,no,no,no,medium,2,1,1,1,1,no,no,no,no,no,,,,,high,,,,,,,,,,,"Trial era, crossover, and enrolled population may limit direct transfer to contemporary surgical practice.",26,extension,10.1056/nejmoa1915922,32227755,,https://doi.org/10.1056/NEJMoa1915922,,not_downloaded_legal_restriction,validated_primary,Abstract not available. Matrix annotations are restricted to validated metadata and domain relevance.
c27,lv_dysfunction,ischemic_cardiomyopathy,longitudinal,direct,STICH,Norwood procedure with left coronary artery reimplantation for hypoplastic left heart syndrome combined with Anomalous left coronary artery from the right pulmonary artery: a case report.,"Neravetla S, Thourani V.",2026,General thoracic and cardiovascular surgery cases,Randomized clinical trial,,"Urgent CABG x3 phenotype with DM2, NSTEMI, LVEF 35%, CKD3, and complex multivessel disease",very_high,What does STICH add to decisions for ischemic cardiomyopathy?,The online version contains supplementary material available at 10.1186/s44215-026-00252-7.,Directly informs expected benefit and framing of CABG in ischemic cardiomyopathy with reduced EF.,indication,outcomes,yes,no,no,no,no,no,no,no,no,no,high,3,1,1,1,1,yes,yes,no,no,no,,,,,high,,,,high,,,,,,,"Trial era, crossover, and enrolled population may limit direct transfer to contemporary surgical practice.",27,absolute_core,10.1016/j.jtcvs.2010.10.031,41872899,PMC13023204,https://linkinghub.elsevier.com/retrieve/pii/S002252231001247X,,abstract-only,unresolved_partial,"Anomalous origin of the left coronary artery from the pulmonary artery is a rare congenital heart defect associated with high mortality during infancy if not surgically corrected.
Its occurrence combined with hypoplastic left heart syndrome is highly uncommon, presenting considerable diagnostic and technical challenges.
Identifying such an anomaly before surgery can be challenging, particularly in patients with complex cardiac anatomy.
Intraoperative recognition requires immediate adjustments of the surgical approach, especially regarding myocardial protection and coronary artery reconstruction.
A female infant was delivered at 39 weeks of gestation with a birth weight of 3038 g.
She was prenatally diagnosed with a variant of hypoplastic left heart syndrome, which was characterized by mitral and aortic stenosis, double-outlet right ventricle, and moderate tricuspid regurgitation."
c28,lv_dysfunction,ischemic_cardiomyopathy,longitudinal,direct,STICHES,Coronary-Artery Bypass Surgery in Patients with Ischemic Cardiomyopathy,Slomski A.,2016,New England Journal of Medicine,Follow-up analysis,,"Urgent CABG x3 phenotype with DM2, NSTEMI, LVEF 35%, CKD3, and complex multivessel disease",very_high,What does STICHES add to decisions for ischemic cardiomyopathy?,STICHES remains clinically relevant for ischemic cardiomyopathy in the index CABG case.,Directly informs expected benefit and framing of CABG in ischemic cardiomyopathy with reduced EF.,outcomes,indication,partial,no,no,no,no,no,no,no,no,no,high,2,1,1,1,1,yes,yes,no,no,no,,,,,high,,,,high,,,,,,,"Interpretation depends on survivor bias, crossover, and evolving background therapy over time.",28,absolute_core,10.1056/nejmoa1602001,27040723,PMC13038397,https://doi.org/10.1056/NEJMoa1602001,,paywalled,validated_primary,Abstract not available. Matrix annotations are restricted to validated metadata and domain relevance.
c29,lv_dysfunction,ischemic_cardiomyopathy,longitudinal,high,STICH age,Ten-Year Outcomes After Coronary Artery Bypass Grafting According to Age in Patients With Heart Failure and Left Ventricular Systolic Dysfunction: An Analysis of the Extended Follow-Up of the STICH Trial (Surgical Treatment for Ischemic Heart Failure).,Aronow W.,2016,Circulation,Substudy,,"Urgent CABG x3 phenotype with DM2, NSTEMI, LVEF 35%, CKD3, and complex multivessel disease",high,What does STICH age add to decisions for ischemic cardiomyopathy?,Unique identifier: NCT00023595.,Directly informs expected benefit and framing of CABG in ischemic cardiomyopathy with reduced EF.,outcomes,indication,partial,no,no,no,no,no,no,no,no,no,medium,2,1,1,1,1,no,no,no,no,no,,,,,high,,,,high,,,,,,,Substudy findings may be underpowered or hypothesis-generating relative to the parent trial.,29,extension,10.1161/circulationaha.116.024800,27573034,PMC4741386,https://doi.org/10.3410/f.725922934.793511258,,abstract-only,validated_primary,"Advancing age is associated with a greater prevalence of coronary artery disease in heart failure with reduced ejection fraction and with a higher risk of complications after coronary artery bypass grafting (CABG).
Whether the efficacy of CABG compared with medical therapy (MED) in patients with heart failure caused by ischemic cardiomyopathy is the same in patients of different ages is unknown.
A total of 1212 patients (median follow-up, 9.8 years) with ejection fraction ≤35% and coronary disease amenable to CABG were randomized to CABG or MED in the STICH trial (Surgical Treatment for Ischemic Heart Failure).
Mean age at trial entry was 60 years; 12% were women; 36% were nonwhite; and the baseline ejection fraction was 28%.
For the present analyses, patients were categorized by age quartiles: quartile 1, ≤54 years; quartile, 2 >54 and ≤60 years; quartile 3, >60 and ≤67 years; and quartile 4, >67 years.
Older versus younger patients had more comorbidities."
c30,lv_dysfunction,ischemic_cardiomyopathy,longitudinal,high,STICH hospitalization,CABG Improves Outcomes in Patients With Ischemic Cardiomyopathy: 10-Year Follow-Up of the STICH Trial.,Bates ER.,2019,JACC. Heart failure,Substudy,,"Urgent CABG x3 phenotype with DM2, NSTEMI, LVEF 35%, CKD3, and complex multivessel disease",high,What does STICH hospitalization add to decisions for ischemic cardiomyopathy?,(Comparison of Surgical and Medical Treatment for Congestive Heart Failure and Coronary Artery Disease [STICH]; NCT00023595).,Directly informs expected benefit and framing of CABG in ischemic cardiomyopathy with reduced EF.,outcomes,outcomes,no,no,no,no,no,no,no,no,partial,no,medium,2,1,1,2,1,no,no,no,no,no,,,,,high,,,,high,,,,,,,Substudy findings may be underpowered or hypothesis-generating relative to the parent trial.,30,extension,10.1016/j.jchf.2019.04.018,31521682,PMC3829618,https://linkinghub.elsevier.com/retrieve/pii/S2213177919303336,,abstract-only,unresolved_partial,"The authors investigated the impact of coronary artery bypass grafting (CABG) on first and recurrent hospitalization in this population.
In the STICH (Surgical Treatment for Ischemic Heart Failure) trial, CABG reduced all-cause death and hospitalization in patients with and ischemic cardiomyopathy and left ventricular ejection fraction <35%.
A total of 1,212 patients were randomized (610 to CABG + optimal medical therapy [CABG] and 602 to optimal medical therapy alone [MED] alone) and followed for a median of 9.8 years.
All-cause and cause-specific hospitalizations were analyzed as time-to-first-event and as recurrent event analysis.
Of the 1,212 patients, 757 died (62.4%) and 732 (60.4%) were hospitalized at least once, for a total of 2,549 total all-cause hospitalizations.
Most hospitalizations (66.2%) were for cardiovascular causes, of which approximately one-half (907 or 52.9%) were for heart failure."
c31,lv_dysfunction,viability,preop,high,STICH viability,Impact of Myocardial Hibernation and Scar on Benefits From CABG in Ischemic Left Ventricular Dysfunction.,"Bonow RO, Maurer G, Lee KL, Holly TA, Binkley PF, Desvigne-Nickens P, et al.",2025,The Annals of thoracic surgery,Substudy,,"Urgent CABG x3 phenotype with DM2, NSTEMI, LVEF 35%, CKD3, and complex multivessel disease",high,What does STICH viability add to decisions for viability?,The extent and severity of hibernating myocardium and scars appear not to influence the effects of CABG in patients with ILVD.,Directly informs expected benefit and framing of CABG in ischemic cardiomyopathy with reduced EF.,indication,outcomes,yes,no,no,no,no,no,no,no,no,no,medium,2,1,1,1,1,no,no,no,no,no,yes,,,,high,,,,high,,,,,,,Substudy findings may be underpowered or hypothesis-generating relative to the parent trial.,31,advanced_core,10.1016/j.athoracsur.2025.01.011,39894429,PMC3290901,https://linkinghub.elsevier.com/retrieve/pii/S0003497525000785,,abstract-only,unresolved_partial,"The significance of evaluating myocardial viability in making decisions regarding coronary artery bypass grafting (CABG) for patients with ischemic left ventricular dysfunction (ILVD) remains controversial.
This study aimed to examine the impact of integrated assessment of hibernating myocardium and scars on the survival benefit associated with CABG in patients with ILVD.
Consecutive patients with ILVD who underwent fluorine-18 fluorodeoxyglucose positron emission tomography and cardiac magnetic resonance imaging with late gadolinium enhancement viability testing from January 2015 and April 2018 were retrospectively enrolled.
The primary end point was all-cause death.
The secondary end point was a composite of cardiovascular death, cardiovascular hospitalization, heart transplantation, revascularization, insertion of an implantable cardioverter-defibrillator, or nonfatal stroke.
Cox models calculated hazard ratios (HRs) and CIs for CABG vs medical therapy alone for subgroups with different levels of hibernation and scars."
c32,lv_dysfunction,viability,preop,medium,STICHES viability,Myocardial Revascularization in Patients With Ischemic Cardiomyopathy: For Whom and How.,"Prunea DM, Homorodean C, Olinic M, Achim A, Olinic DM..",2023,Journal of the American Heart Association,Substudy,,"Urgent CABG x3 phenotype with DM2, NSTEMI, LVEF 35%, CKD3, and complex multivessel disease",moderate,What does STICHES viability add to decisions for viability?,"We propose an algorithm for the workup of patients with ICM considering clinical presentation, imaging results, and surgical risk.",Directly informs expected benefit and framing of CABG in ischemic cardiomyopathy with reduced EF.,outcomes,indication,partial,no,no,no,no,no,no,no,no,no,medium,2,1,1,1,1,no,no,no,no,no,yes,,,,high,,,,high,,,,,,,Substudy findings may be underpowered or hypothesis-generating relative to the parent trial.,32,advanced_core,10.1016/s0140-6736(13)60108-7,36892041,PMC6309904,https://linkinghub.elsevier.com/retrieve/pii/S0140673613601087,,abstract-only,unresolved_partial,"Background Myocardial revascularization has been advocated to improve myocardial function and prognosis in ischemic cardiomyopathy (ICM).
We discuss the evidence for revascularization in patients with ICM and the role of ischemia and viability detection in guiding treatment.
Methods and Results We searched for randomized controlled trials evaluating the prognostic impact of revascularization in ICM and the value of viability imaging for patient management.
Out of 1397 publications, 4 randomized controlled trials were included, enrolling 2480 patients.
Three trials (HEART [Heart Failure Revascularisation Trial], STICH [Surgical Treatment for Ischemic Heart Failure], and REVIVED [REVascularization for Ischemic VEntricular Dysfunction]-BCIS2) randomized patients to revascularization or optimal medical therapy.
HEART was stopped prematurely without showing any significant difference between treatment strategies."
c33,lv_dysfunction,mode_of_death,longitudinal,medium,STICH mode of death,The STICH trial (Surgical Treatment for Ischemic Heart Failure): mode-of-death results.,"Kilic A, Raman J, Whitson BA.",2013,JACC. Heart failure,Substudy,,"Urgent CABG x3 phenotype with DM2, NSTEMI, LVEF 35%, CKD3, and complex multivessel disease",high,What does STICH mode of death add to decisions for mode of death?,"Post-procedure deaths were increased in patients randomized to CABG, whereas myocardial infarction deaths were decreased.",Directly informs expected benefit and framing of CABG in ischemic cardiomyopathy with reduced EF.,outcomes,outcomes,no,no,no,no,no,no,no,no,partial,no,medium,2,1,1,2,1,no,no,no,no,no,,,,,high,,,,high,,,,,,,Substudy findings may be underpowered or hypothesis-generating relative to the parent trial.,33,advanced_core,10.1016/j.jchf.2013.04.012,24621972,PMC1120143,https://linkinghub.elsevier.com/retrieve/pii/S2213177913002552,,abstract-only,unresolved_partial,"This study sought to assess the effect of the addition of coronary artery bypass grafting (CABG) to medical therapy on mode of death in heart failure.
Although CABG therapy is widely used in ischemic cardiomyopathy patients, there are no prospective clinical trial data on mode of death.
The STICH (Surgical Treatment for Ischemic Heart Failure ) trial compared the strategy of CABG plus medical therapy to medical therapy alone in 1,212 ischemic cardiomyopathy patients with reduced ejection fraction.
A clinical events committee adjudicated deaths using pre-specified definitions for mode of death.
In the STICH trial, there were 462 deaths over a median follow-up of 56 months.
The addition of CABG therapy tended to reduce cardiovascular deaths (hazard ratio [HR]: 0.83; 95% confidence interval [CI]: 0.68 to 1.03; p = 0.09) and significantly reduced the most common modes of death: sudden death (HR: 0.73; 95% CI: 0.54 to 0.99; p = 0.041) and fatal pump failure events (HR: 0.64; 95% CI: 0.41 to 1.00; p = 0.05)."
c34,lv_dysfunction,heart_failure_guideline,longitudinal,high,HF Guideline 2022,Heart failure outcomes in Sub-Saharan Africa: a scoping review of recent studies conducted after the 2022 AHA/ACC/HFSA guideline release.,KITTLESON MM.,2025,BMC cardiovascular disorders,Guideline,AHA/ACC/HFSA,"Urgent CABG x3 phenotype with DM2, NSTEMI, LVEF 35%, CKD3, and complex multivessel disease",high,What does HF Guideline 2022 add to decisions for heart failure guideline?,"Enhanced guideline adherence, hypertension control and efficient post-discharge care are essential to reduce morbidity and mortality.",Directly informs expected benefit and framing of CABG in ischemic cardiomyopathy with reduced EF.,outcomes,indication,yes,no,no,no,no,no,no,no,no,no,medium,2,1,1,1,1,yes,no,no,no,no,,,,,high,,,,high,,,,,,,"Applicability depends on local resources, exact perioperative phenotype, and update cycle.",34,extension,10.1177/17539447231202933,40264003,PMC10541732,https://doi.org/10.1016/j.cardfail.2022.03.346,,abstract-only,unresolved_partial,"Heart failure (HF) in Sub-Saharan Africa (SSA) presents unique challenges, with high prevalence and distinct epidemiological features compared to high-income settings.
Despite its burden, recent comprehensive data are lacking, especially amidst recent 2022 AHA/ACC/HFSA guideline release.
This scoping review aims to map the literature on HF in SSA, focusing on aetiologies, structural abnormalities, management practices, and outcomes to identify research gaps and inform clinical practice.
Studies from 2022-2024 published in English or French were included, covering adult patients > 18 years, all study designs except case reports.
Studies not reporting any outcomes or focusing solely on one HF subtype were excluded.
Literature from all SSA countries was searched using a FACET approach in databases including PubMed, Google Scholar, Cochrane and Scopus."
d35,conduits_technique,graft_patency,longitudinal,high,SVG vs LIMA patency,Comparative Estimation of Long-Term Graft Patency Rates After Isolated Coronary Artery Bypass Grafting: A Systematic Review and Meta-Analysis.,"Goldman S, Zadina K, Moritz T, Ovitt T, Sethi G, Copeland JG, et al.",2025,Cardiology in review,Review,,"Urgent CABG x3 phenotype with DM2, NSTEMI, LVEF 35%, CKD3, and complex multivessel disease",high,What does SVG vs LIMA patency add to decisions for graft patency?,Vein grafts had the poorest long-term patency.,Shapes graft choice and operative technique in a diabetic patient with elevated wound and long-term patency considerations.,conduit,outcomes,no,no,yes,no,no,no,no,no,no,no,medium,2,1,1,1,1,no,no,no,no,no,,,,,medium,high,,,,,,,,,,Narrative or synthesized evidence depends on included studies and may not replace trial-level data.,35,extension,10.1097/crd.0000000000001091,41233944,,https://doi.org/10.1016/j.jacc.2004.08.064,,abstract-only,unresolved_partial,"We sought to characterize the long-term patency of various graft types in patients undergoing coronary artery bypass grafting.
A comprehensive literature search identified 139 studies including 56,827 patients who underwent isolated coronary artery bypass grafting surgery.
The mean patient age was 62 years (95% confidence interval: 60-63), and 80% (95% confidence interval: 79-82) were male.
Patency outcomes were analyzed for each graft type, and parametric extrapolation was performed based on mean patency and mean follow-up time per conduit.
The left internal mammary artery (LIMA) demonstrated the highest mean patency at 96% with a mean follow-up of 3.2 years, followed by the right internal mammary artery (RIMA) at 94% (2.8 years), gastroepiploic artery (GEA) at 93% (1.7 years), and radial artery (RA) at 89% (3.7 years).
The saphenous vein graft had the lowest mean patency at 82% with a mean follow-up of 3.5 years."
d36,conduits_technique,svg_patency_antiplatelet,ward,medium,Early SVG patency,"Aspirin plus clopidogrel therapy increases early venous graft patency after coronary artery bypass surgery a single-center, randomized, controlled trial.",Conti VR.,2010,Journal of the American College of Cardiology,Review,,"Urgent CABG x3 phenotype with DM2, NSTEMI, LVEF 35%, CKD3, and complex multivessel disease",moderate,What does Early SVG patency add to decisions for svg patency antiplatelet?,(The Clopidogrel and Aspirin After Surgery for Coronary Artery Disease; NCT00776477).,Shapes graft choice and operative technique in a diabetic patient with elevated wound and long-term patency considerations.,conduit,transfusion,no,no,partial,no,no,no,partial,no,no,partial,medium,2,1,1,1,2,no,no,no,no,yes,,,,yes,medium,high,,,,,,,,,,Narrative or synthesized evidence depends on included studies and may not replace trial-level data.,36,extension,10.1016/j.jacc.2010.03.104,21050973,PMC11756219,https://linkinghub.elsevier.com/retrieve/pii/S0735109710037290,,abstract-only,unresolved_partial,"We sought to evaluate the effect of aspirin plus clopidogrel versus aspirin alone on saphenous vein graft occlusion at 3 months after coronary artery bypass grafting (CABG).
Prevalence of graft occlusion is high after CABG.
Aggressive antiplatelet therapy is expected to improve early post-operative graft patency.
From December 2007 through December 2008, 249 consecutive patients undergoing elective CABG at Fuwai Hospital were randomly assigned to 2 groups: 124 received aspirin (100 mg) plus clopidogrel (75 mg) daily (AC group), and 125 received aspirin (100 mg) alone daily (A group).
Antiplatelet therapies were initiated when post-operative chest tube drainage was ≤ 30 cc/h for 2 h.
All participants were invited for clinical follow-up and 64-slice multislice computed tomography angiography (MSCTA) analysis at 3 months post-operatively."
d37,conduits_technique,svg_patency_antiplatelet,ward,medium,1-year SVG patency,Ticagrelor versus aspirin and vein graft patency after coronary bypass: A randomized trial.,"Dell'Aquila M, Prapas S, Falco G, Abdalla S, Tejada B, Challagalla M, et al.",2022,Journal of cardiac surgery,Review,,"Urgent CABG x3 phenotype with DM2, NSTEMI, LVEF 35%, CKD3, and complex multivessel disease",moderate,What does 1-year SVG patency add to decisions for svg patency antiplatelet?,Further study will assess the impact of ticagrelor on 2-year graft patency for this cohort.,Shapes graft choice and operative technique in a diabetic patient with elevated wound and long-term patency considerations.,conduit,outcomes,no,no,partial,no,no,no,partial,no,no,partial,medium,2,1,1,1,2,no,no,no,no,yes,,,,yes,medium,high,,,,,,,,,,Narrative or synthesized evidence depends on included studies and may not replace trial-level data.,37,extension,10.1111/jocs.16189,34961950,PMC12823852,https://doi.org/10.1016/0049-3848(92)90461-i,,abstract-only,unresolved_partial,"Antiplatelet therapy prevents saphenous vein graft (SVG) occlusion and improves outcomes after coronary artery bypass graft surgery (CABG).
However, the optimal postoperative antiplatelet regimen remains unclear.
The goal of the Ticagrelor Antiplatelet Therapy to Reduce Graft Events and Thrombosis (TARGET) trial was to assess whether early postoperative ticagrelor reduces SVG occlusion compared to conventional aspirin therapy.
In this multi-center double-blind randomized trial, 250 patients who had CABG with SVG were randomized to receive either aspirin 81 mg twice daily or ticagrelor 90 mg twice daily.
The primary outcome was SVG occlusion at 1 year.
Altogether, 123 patients were randomized to aspirin and 127 received ticagrelor."
d38,conduits_technique,radial_artery,longitudinal,direct,Radial vs SVG NEJM 2018,Radial-Artery or Saphenous-Vein Grafts in Coronary-Artery Bypass Surgery,Goldman S.,2018,New England Journal of Medicine,Meta-analysis,,"Urgent CABG x3 phenotype with DM2, NSTEMI, LVEF 35%, CKD3, and complex multivessel disease",high,What does Radial vs SVG NEJM 2018 add to decisions for radial artery?,Radial vs SVG NEJM 2018 remains clinically relevant for radial artery in the index CABG case.,Shapes graft choice and operative technique in a diabetic patient with elevated wound and long-term patency considerations.,conduit,outcomes,no,no,yes,no,no,no,no,no,no,no,high,3,1,1,1,1,no,yes,no,no,no,,,,,medium,high,,,,,,,,,,Pooled estimates inherit heterogeneity from source trials and variable endpoint definitions.,38,high_core,10.1056/nejmoa1716026,29708851,,https://doi.org/10.1056/NEJMoa1716026,,not_downloaded_legal_restriction,validated_primary,Abstract not available. Matrix annotations are restricted to validated metadata and domain relevance.
d39,conduits_technique,radial_artery,longitudinal,direct,Radial pooled long-term,Association of Radial Artery Graft vs Saphenous Vein Graft With Long-term Cardiovascular Outcomes Among Patients Undergoing Coronary Artery Bypass Grafting: A Systematic Review and Meta-analysis.,Nezic D.,2020,JAMA,Meta-analysis,,"Urgent CABG x3 phenotype with DM2, NSTEMI, LVEF 35%, CKD3, and complex multivessel disease",high,What does Radial pooled long-term add to decisions for radial artery?,"In this individual participant data meta-analysis with a median follow-up of 10 years, among patients undergoing coronary artery bypass grafting, the use of the radial artery compared with the saphenous vein was associated with a lower risk of a composite of cardiovascular outcomes.",Shapes graft choice and operative technique in a diabetic patient with elevated wound and long-term patency considerations.,conduit,outcomes,no,no,yes,no,no,no,no,no,no,no,medium,3,1,1,1,1,no,yes,no,no,no,,,,,medium,high,,,,,,,,,,Pooled estimates inherit heterogeneity from source trials and variable endpoint definitions.,39,high_core,10.1093/ejcts/ezx358,32662861,PMC6898839,https://doi.org/10.1093/ejcts/ezac371,,abstract-only,validated_primary,"Observational studies have suggested that the use of radial artery grafts for coronary artery bypass grafting may improve clinical outcomes compared with the use of saphenous vein grafts, but this has not been confirmed in randomized trials.
To compare clinical outcomes between patients receiving radial artery vs saphenous vein grafts for coronary artery bypass grafting after long-term follow-up.
Patient-level pooled analysis comparing radial artery vs saphenous vein graft in adult patients undergoing isolated coronary artery bypass grafting from 5 countries (Australia, Italy, Serbia, South Korea, and the United Kingdom), with enrollment from 1997 to 2009 and follow-up completed in 2019.
Patients were randomized to undergo either radial artery (n = 534) or saphenous vein (n = 502) grafts for coronary artery bypass grafting.
The primary outcome was a composite of death, myocardial infarction, or repeat revascularization and the secondary outcome was a composite of death or myocardial infarction.
A total of 1036 patients were randomized (mean age, 66.6 years in the radial artery group vs 67.1 years in the saphenous vein group; 376 [70.4%] men in the radial artery group vs 351 [69.9%] in the saphenous vein group); 942 (90.9%) of the originally randomized patients completed 10 years of follow-up (510 in the radial artery group)."
d40,conduits_technique,radial_artery,longitudinal,high,RAPCO,Radial artery as a second conduit gains momentum: The RAPCO trial.,"Ito N, Kuwahara G, Sukehiro Y, Teratani H.",2021,Global cardiology science & practice,Follow-up analysis,,"Urgent CABG x3 phenotype with DM2, NSTEMI, LVEF 35%, CKD3, and complex multivessel disease",high,What does RAPCO add to decisions for radial artery?,"To determine which conduit is best for grafting the second most important coronary artery, Buxton and colleagues have recently published the long term results of their ""Radial Artery Patency and Clinical Outcomes (RAPCO)"" trial.",Shapes graft choice and operative technique in a diabetic patient with elevated wound and long-term patency considerations.,conduit,outcomes,no,no,yes,no,no,no,no,no,no,no,medium,2,1,1,1,1,no,no,no,no,no,,,,,medium,high,,,,,,,,,,"Interpretation depends on survivor bias, crossover, and evolving background therapy over time.",40,high_core,10.1056/nejmoa1808783,34285901,PMC7042852,https://doi.org/10.1016/j.athoracsur.2012.05.121,,abstract-only,unresolved_partial,"In coronary artery bypass grafting (CABG), the use of an internal mammary artery (IMA) to graft the left anterior descending coronary artery (LAD) improves survival and reduces the need for repeat revascularization.
The other IMA, radial artery (RA), and saphenous vein (SV) have contested to complete the surgical revascularization.
For that purpose, SV remains the most commonly used conduit despite current evidence in favor of arterial grafts.
To determine which conduit is best for grafting the second most important coronary artery, Buxton and colleagues have recently published the long term results of their ""Radial Artery Patency and Clinical Outcomes (RAPCO)"" trial."
d41,conduits_technique,bita,longitudinal,high,ART 10-year,Bilateral versus Single Internal Thoracic Artery Grafting Strategies Supplemented by Radial Artery Grafting,Aronow W.,2023,Yonsei medical journal,Randomized clinical trial,,"Urgent CABG x3 phenotype with DM2, NSTEMI, LVEF 35%, CKD3, and complex multivessel disease",moderate,What does ART 10-year add to decisions for bita?,"Furthermore, complete revascularization improved long-term outcomes following total arterial grafting.",Shapes graft choice and operative technique in a diabetic patient with elevated wound and long-term patency considerations.,conduit,technique,no,no,yes,no,no,no,no,no,no,no,medium,3,1,1,1,1,no,no,no,no,no,,,,,medium,high,,,,,,,,,,"Trial era, crossover, and enrolled population may limit direct transfer to contemporary surgical practice.",41,high_core,10.3349/ymj.2022.0586,37488698,PMC3741893,https://eymj.org/DOIx.php?id=10.3349/ymj.2022.0586,raw\pdf\2023__Aronow__ART_10-year.pdf,open,unresolved_partial,"It is unclear if a second or third arterial graft can improve clinical outcomes in coronary artery bypass graft surgery.
We compared the outcomes of bilateral internal thoracic artery (BITA) plus radial artery (RA) grafting versus left internal thoracic artery (LITA) plus RA grafting after off-pump coronary artery bypass grafting.
Between January 2009 and December 2020, a total of 3007 patients with three-vessel coronary artery disease who underwent off-pump coronary artery bypass were analyzed.
Among them, 971 patients received total arterial grafting using LITA.
We divided the patients into two groups [group A, BITA+RA grafting (n=227) and group B, LITA+RA grafting (n=744)], and compared the survival and major adverse cardiac and cerebrovascular event (MACCE) rates between the two groups at 10 years.
After risk adjustment with inverse probability treatment weighting methods, the freedom from all-cause mortality was 93.1% and 88.3% in groups A and B, respectively (p=0.140)."
d42,conduits_technique,bita_diabetes,intraop,high,BITA skeletonization diabetes,[Does the bilateral internal thoracic artery harvesting increase wound infection?].,"Rubens FD, Chen L, Bourke M.",2011,Kyobu geka. The Japanese journal of thoracic surgery,Review,,"Urgent CABG x3 phenotype with DM2, NSTEMI, LVEF 35%, CKD3, and complex multivessel disease",high,What does BITA skeletonization diabetes add to decisions for bita diabetes?,"In conclusion, BITA harvesting with skeletonized technique may be used as safely as SITA harvesting even in DM patients.",Shapes graft choice and operative technique in a diabetic patient with elevated wound and long-term patency considerations.,technique,conduit,no,no,yes,partial,no,no,no,no,no,no,medium,3,1,2,1,1,no,yes,yes,no,no,,yes,,,medium,high,,,,,,,,high,,Narrative or synthesized evidence depends on included studies and may not replace trial-level data.,42,advanced_core,10.14789/ejmj.jmj25-0013-oa,21766699,PMC12620707,https://linkinghub.elsevier.com/retrieve/pii/S0003497515017026,,abstract-only,unresolved_partial,"The aim of this study is to compare the frequency of wound infection between bilateral and single internal thoracic artery (ITA) harvesting in coronary artery bypass grafting (CABG) cases.
Two hundreds and thirty-four consecutive CABG cases performed harvesting either bilateral ITA (BITA) or single ITA (SITA) from January 2004 to December 2008, with or without concomitant surgery were studied.
Harmonic Scalpel was used for the harvesting with skeletonization technique.
The cases were divided into 2 groups: BITA group (n = 180) and SITA group (n = 54).
The frequencies of wound infection were 3.7% in SITA group and 6.1% in BITA group.
As to deep sternal infection, they were 1.9% in SITA group and 1.1% in BITA group."
d43,conduits_technique,onpump_offpump,icu,medium,CORONARY 30-day,High-Sensitivity Cardiac Troponin I and Mortality Following Off-Pump and On-Pump Coronary Artery Bypass Surgery: A Secondary Analysis of the Vision Cardiac Surgery Study.,"Halkos ME, Moss E, Puskas JD.",2026,Interdisciplinary cardiovascular and thoracic surgery,Randomized clinical trial,,"Urgent CABG x3 phenotype with DM2, NSTEMI, LVEF 35%, CKD3, and complex multivessel disease",moderate,What does CORONARY 30-day add to decisions for onpump offpump?,"The clinically significant hs-cTnI threshold after CABG associated with an increased risk of 30-day mortality above the baseline is substantially higher than defined by current guidelines, but lower in patients undergoing OPCAB compared to ONCAB.",Shapes graft choice and operative technique in a diabetic patient with elevated wound and long-term patency considerations.,technique,renal,no,no,no,yes,partial,no,no,no,partial,no,medium,2,2,3,2,1,no,no,yes,yes,no,,,yes,,medium,high,,,,,,,,,,"Trial era, crossover, and enrolled population may limit direct transfer to contemporary surgical practice.",43,high_core,10.1080/14779072.2023.2283123,41689183,PMC6201399,https://doi.org/10.1093/med/9780198735465.003.0002,,abstract-only,unresolved_partial,"We aimed to determine whether high-sensitivity cardiac troponin I (hs-cTnI) thresholds associated with increased 30-day mortality isolated coronary artery bypass grafting (CABG) differed between those undergoing off-pump (OPCAB) and on-pump (ONCAB) CABG.
We conducted a subanalysis of patients who underwent isolated CABG in the Vascular Events in Surgery Patients Cohort Evaluation (VISION) Cardiac Surgery Study.
Cox regression was used to determine the hazard ratios (HRs) for mortality based on postoperative day 1 log-transformed hs-cTnI adjusted by EuroSCORE II, with OPCAB versus ONCAB as an interaction term.
HRs were modelled as a function of hs-cTnI, and the lowest troponin associated with HR ≥ 1.00 was identified for each group.
Of the original VISION cohort, 6505 patients underwent isolated CABG (OPCAB = 1141, ONCAB = 5364).
Median hs-cTnI after CABG was 2446 ng/L (interquartile range [IQR] 1164-5654), and lower after OPCAB (640 ng/L [264-1689]) than ONCAB (2972 ng/L [1536-6448], P < .001)."
d44,conduits_technique,onpump_offpump,longitudinal,medium,CORONARY 1-year,Ten-Year Outcomes of Off-Pump Bilateral IMA Grafting Versus Hybrid Coronary Revascularization,"Gadelkarim I, Kang J, Kiefer P, Dashkevich A, Davierwala P, Holzhey D, et al.",2026,The Thoracic and cardiovascular surgeon,Follow-up analysis,,"Urgent CABG x3 phenotype with DM2, NSTEMI, LVEF 35%, CKD3, and complex multivessel disease",moderate,What does CORONARY 1-year add to decisions for onpump offpump?,"However, HCR offers comparable survival and represents a viable option for select patients.",Shapes graft choice and operative technique in a diabetic patient with elevated wound and long-term patency considerations.,outcomes,renal,no,no,no,partial,partial,no,no,no,partial,no,medium,2,2,3,2,1,no,no,no,yes,no,,,,,medium,high,,,,,,,,,,"Interpretation depends on survivor bias, crossover, and evolving background therapy over time.",44,high_core,10.1055/a-2839-7647,41911696,,https://www.thieme-connect.de/products/ejournals/abstract/10.1055/a-2839-7647,,abstract-only,unresolved_partial,"Background The study compared long-term outcomes between off-pump coronary artery bypass grafting (OPCAB) using bilateral internal mammary arteries (BIMA) and hybrid coronary revascularization (HCR).
Methods We included patients who underwent OPCAB with BIMA (2002 - 2012) and HCR (2002 - 2020).
Emergency procedures, patients in critical preoperative condition, and on-pump surgery cases were excluded.
Propensity score matching with a 2:1 ratio was performed to minimize confounding factors.
The primary outcome was 10-year survival.
Results Of 687 patients, 552 patients underwent OPCAB with BIMA and 135 patients received HCR."
d45,conduits_technique,onpump_offpump,icu,medium,ROOBY,Resident versus attending surgeon graft patency and clinical outcomes in on- versus off-pump coronary artery bypass surgery.,"Halkos ME, Moss E, Puskas JD.",2015,The Journal of thoracic and cardiovascular surgery,Randomized clinical trial,,"Urgent CABG x3 phenotype with DM2, NSTEMI, LVEF 35%, CKD3, and complex multivessel disease",moderate,What does ROOBY add to decisions for onpump offpump?,"In the ROOBY trial, short-term and 1-year patient outcomes and graft patency rates did not differ between resident and attending surgeons, demonstrating that with appropriate patient selection and resident supervision, residents can perform advanced, novel surgical techniques with outcomes similar to those of attending surgeons.",Shapes graft choice and operative technique in a diabetic patient with elevated wound and long-term patency considerations.,technique,outcomes,no,no,no,yes,no,no,no,no,no,no,medium,2,2,3,1,1,no,no,yes,no,no,,,yes,,medium,high,,,,,,,,,,"Trial era, crossover, and enrolled population may limit direct transfer to contemporary surgical practice.",45,high_core,10.1016/j.jtcvs.2015.08.124,26470910,PMC12306569,https://linkinghub.elsevier.com/retrieve/pii/S0022522315017110,,abstract-only,unresolved_partial,"Controversy exists regarding ideal approaches in teaching residents complex and/or new surgical techniques in part because consequences on patient outcomes are largely unknown.
This study compared patient outcomes for cases in which residents (rather than attending surgeons) performed most of the distal anastomoses as primary surgeons, during on- and off-pump coronary artery bypass grafting (CABG).
This preapproved substudy of the Randomized On/Off Bypass (ROOBY) trial compared clinical outcomes and 1-year graft patency for cases in which residents versus attending surgeons were the primary operator.
Comparisons were made between on-pump and off-pump techniques.
From July 2003 through May 2007, a total of 1272 ROOBY nonemergent CABG patients were randomized at 16 Veterans Affairs centers where residents were active participants.
Residents were the primary surgeon (ie, performed ≥50% of the distal anastomoses) more frequently in on-pump (77.9%) than in off-pump (67.4%) cases."
d46,conduits_technique,onpump_offpump,longitudinal,medium,ROOBY five-year,Five-Year Outcomes of Off-Pump Versus On-Pump Coronary Artery Bypass Grafting: The Randomized Department of Veterans Affairs ROOBY-FS Trial,"Jacob KA, Gianoli M, van Dijk D..",2016,Circulation,Follow-up analysis,,"Urgent CABG x3 phenotype with DM2, NSTEMI, LVEF 35%, CKD3, and complex multivessel disease",moderate,What does ROOBY five-year add to decisions for onpump offpump?,Unique identifier: NCT00719667.,Shapes graft choice and operative technique in a diabetic patient with elevated wound and long-term patency considerations.,outcomes,technique,no,no,no,partial,no,no,no,no,no,no,medium,2,2,3,1,1,no,no,no,no,no,,,,,medium,high,,,,,,,,,,"Interpretation depends on survivor bias, crossover, and evolving background therapy over time.",46,high_core,10.1161/circulationaha.116.021861,27777257,,https://doi.org/10.1161/CIRCULATIONAHA.116.021861,,not_downloaded_legal_restriction,validated_primary,"The 30-day and 1-year follow-up analysis of the GOPCABE trial (German Off-Pump Coronary Artery Bypass Grafting in Elderly Patients) revealed no significant difference in the composite end point consisting of death, stroke, myocardial infarction, new renal replacement therapy, or repeat revascularization.
The 5-year follow-up data of this trial are reported here.
From June 2008 to September 2011, a total of 2539 patients aged ≥75 years were randomly assigned to undergo off-pump or on-pump coronary artery bypass grafting (CABG) at 12 centers in Germany.
The primary outcome was all-cause mortality at 5 years.
The secondary 5-year outcomes were a composite of death, myocardial infarction, and repeat revascularization.
Furthermore, the impact of complete versus incomplete revascularization was assessed."
e47,perioperative_safety,transfusion,icu,high,TRICS III,Restrictive or Liberal Red-Cell Transfusion for Cardiac Surgery,Blumberg N.,2017,New England Journal of Medicine,Randomized clinical trial,,"Urgent CABG x3 phenotype with DM2, NSTEMI, LVEF 35%, CKD3, and complex multivessel disease",high,What does TRICS III add to decisions for transfusion?,TRICS III remains clinically relevant for transfusion in the index CABG case.,"Supports risk mitigation for AKI, transfusion, glycemic control, and postoperative atrial fibrillation.",transfusion,transfusion,no,no,no,no,no,no,yes,no,yes,no,medium,1,3,3,3,2,no,yes,yes,yes,yes,,,yes,,medium,,,,,,high,,,,,"Trial era, crossover, and enrolled population may limit direct transfer to contemporary surgical practice.",47,absolute_core,10.1056/nejmoa1711818,29130845,,https://doi.org/10.1056/NEJMoa1711818,,not_downloaded_legal_restriction,validated_primary,Abstract not available. Matrix annotations are restricted to validated metadata and domain relevance.
e48,perioperative_safety,aki_prevention,icu,high,PrevAKI,Prevention of cardiac surgery-associated AKI by implementing the KDIGO guidelines in high risk patients identified by biomarkers: the PrevAKI randomized controlled trial,Hoste E.,2017,Intensive Care Medicine,Randomized clinical trial,,"Urgent CABG x3 phenotype with DM2, NSTEMI, LVEF 35%, CKD3, and complex multivessel disease",high,What does PrevAKI add to decisions for aki prevention?,Adequately powered multicenter trials are warranted to examine mortality and long-term renal outcomes.,"Supports risk mitigation for AKI, transfusion, glycemic control, and postoperative atrial fibrillation.",renal,glycemia,no,no,no,no,yes,partial,no,no,yes,no,high,1,3,3,3,2,no,yes,yes,yes,no,,,yes,,medium,,,,,high,,,,,,"Trial era, crossover, and enrolled population may limit direct transfer to contemporary surgical practice.",48,absolute_core,10.1007/s00134-016-4670-3,28110412,PMC5633630,https://doi.org/10.1007/s00134-016-4670-3,raw\pdf\2017__Hoste__PrevAKI.pdf,open,validated_primary,"Care bundles are recommended in patients at high risk for acute kidney injury (AKI), although they have not been proven to improve outcomes.
We sought to establish the efficacy of an implementation of the Kidney Disease Improving Global Outcomes (KDIGO) guidelines to prevent cardiac surgery-associated AKI in high risk patients defined by renal biomarkers.
In this single-center trial, we examined the effect of a ""KDIGO bundle"" consisting of optimization of volume status and hemodynamics, avoidance of nephrotoxic drugs, and preventing hyperglycemia in high risk patients defined as urinary [TIMP-2]·[IGFBP7] > 0.3 undergoing cardiac surgery.
The primary endpoint was the rate of AKI defined by KDIGO criteria within the first 72 h after surgery.
Secondary endpoints included AKI severity, need for dialysis, length of stay, and major adverse kidney events (MAKE) at days 30, 60, and 90.
AKI was significantly reduced with the intervention compared to controls [55.1 vs."
e49,perioperative_safety,glycemic_control,icu,high,NICE-SUGAR,Individualised versus conventional glucose control in critically-ill patients: the CONTROLING study-a randomized clinical trial.,Tanner O.,2021,Intensive care medicine,Randomized clinical trial,,"Urgent CABG x3 phenotype with DM2, NSTEMI, LVEF 35%, CKD3, and complex multivessel disease",high,What does NICE-SUGAR add to decisions for glycemic control?,Targeting an ICU patient's pre-admission usual glycaemia using a dynamic sliding-scale insulin protocol did not demonstrate a survival benefit compared to maintaining glycaemia below 180 mg/dL.,"Supports risk mitigation for AKI, transfusion, glycemic control, and postoperative atrial fibrillation.",glycemia,glycemia,no,no,no,no,partial,yes,no,no,yes,no,medium,1,3,1,3,3,no,no,yes,yes,yes,,,yes,,medium,,,,,,,high,,,,"Trial era, crossover, and enrolled population may limit direct transfer to contemporary surgical practice.",49,advanced_core,10.1016/0002-9343(83)90067-0,34590159,PMC3464183,https://linkinghub.elsevier.com/retrieve/pii/0002934383900670,,abstract-only,validated_primary,"Hyperglycaemia is an adaptive response to stress commonly observed in critical illness.
Its management remains debated in the intensive care unit (ICU).
Individualising hyperglycaemia management, by targeting the patient's pre-admission usual glycaemia, could improve outcome.
In a multicentre, randomized, double-blind, parallel-group study, critically-ill adults were considered for inclusion.
Patients underwent until ICU discharge either individualised glucose control by targeting the pre-admission usual glycaemia using the glycated haemoglobin A1c level at ICU admission (IC group), or conventional glucose control by maintaining glycaemia below 180 mg/dL (CC group).
A non-commercial web application of a dynamic sliding-scale insulin protocol gave to nurses all instructions for glucose control in both groups."
e50,perioperative_safety,poaf,ward,high,PAPABEAR,"Prophylactic Oral Amiodarone for the Prevention of Arrhythmias that Begin Early After Revascularization, Valve Replacement, or Repair: PAPABEAR: a randomized controlled trial.","Mitchell LB, Exner DV, Wyse DG, Connolly CJ, Prystai GD, Bayes AJ, et al.",2005,JAMA,Randomized clinical trial,,"Urgent CABG x3 phenotype with DM2, NSTEMI, LVEF 35%, CKD3, and complex multivessel disease",high,What does PAPABEAR add to decisions for poaf?,Clinical Trials Registration ClinicalTrials.gov Identifier: NCT00251706.,"Supports risk mitigation for AKI, transfusion, glycemic control, and postoperative atrial fibrillation.",poaf,poaf,no,no,no,no,no,no,no,yes,yes,partial,medium,1,3,1,3,3,no,yes,yes,yes,yes,,,,yes,medium,,,,,,,,high,,,"Trial era, crossover, and enrolled population may limit direct transfer to contemporary surgical practice.",50,high_core,10.1001/jama.294.24.3093,16380589,PMC11086606,https://doi.org/10.1001/jama.294.24.3093,,abstract-only,validated_primary,"Atrial tachyarrhythmias after cardiac surgery are associated with adverse outcomes and increased costs.
Previous trials of amiodarone prophylaxis, while promising, were relatively small and yielded conflicting results.
To determine whether a brief perioperative course of oral amiodarone is an effective and safe prophylaxis for atrial tachyarrhythmias after cardiac surgery overall and in important subgroups.
Double-blind randomized controlled trial of 601 patients listed for nonemergent coronary artery bypass graft (CABG) surgery and/or valve replacement/repair surgery between February 1, 1999, and September 26, 2003, at a tertiary care hospital.
The patients were followed up for 1 year.
Oral amiodarone (10 mg/kg daily) or placebo administered 6 days prior to surgery through 6 days after surgery (13 days)."
